{
  "version": 1,
  "author": "Eduardo Luis Mamani Roque",
  "editor": "wokwi",
  "parts": [
    { "type": "wokwi-breadboard-half", "id": "bb1", "top": -185.4, "left": -74, "attrs": {} },
    {
      "type": "board-esp32-devkit-c-v4",
      "id": "esp",
      "top": -134.4,
      "left": -187.16,
      "attrs": {}
    },
    { "type": "wokwi-dht22", "id": "dht1", "top": -182.1, "left": 13.8, "attrs": {} },
    {
      "type": "wokwi-resistor",
      "id": "r1",
      "top": -53.35,
      "left": 37,
      "rotate": 180,
      "attrs": { "value": "10000" }
    }
  ],
  "connections": [
    [ "esp:TX", "$serialMonitor:RX", "", [] ],
    [ "esp:RX", "$serialMonitor:TX", "", [] ],
    [ "bb1:10b.g", "esp:21", "green", [ "v0" ] ],
    [ "bb1:16b.j", "bb1:bp.13", "red", [ "v0" ] ],
    [ "bb1:9b.j", "bb1:bp.7", "red", [ "v0" ] ],
    [ "bb1:12b.j", "bb1:bn.10", "black", [ "v0" ] ],
    [ "dht1:VCC", "bb1:9b.f", "", [ "$bb" ] ],
    [ "dht1:SDA", "bb1:10b.f", "", [ "$bb" ] ],
    [ "dht1:NC", "bb1:11b.f", "", [ "$bb" ] ],
    [ "dht1:GND", "bb1:12b.f", "", [ "$bb" ] ],
    [ "r1:1", "bb1:16b.h", "", [ "$bb" ] ],
    [ "r1:2", "bb1:10b.h", "", [ "$bb" ] ],
    [ "esp:3V3", "bb1:bp.2", "green", [ "h-38.25", "v182.4", "h192" ] ],
    [ "esp:GND.3", "bb1:bn.1", "black", [ "h9.6", "v76.8", "h9.6" ] ]
  ],
  "dependencies": {}
}